Company Name,Industry,Listing Date,Current Price,Price Change (%),Offering Price,Change from Offering Price (%),Opening Price,Opening/Offering (%),First Day Closing Price,Financial Date,Annual Data,Operating Profit Margin,ROE,Debt Ratio,Quick Ratio,EPS,Competition Rate,Interest Rate,y,Sentiment_Score,Year-Month,Regression_Result,Predicted_Probability
오토앤,자동차부품,2022-01-20,4010.0,-2.79,5300.0,-24.34,8800.0,66.04,11400.0,2021.12,V,0.017105222785078176,-0.018965428152187273,147.49,-0.4266299794628252,0.02085332832522017,1.8630717836437989,-2.2177485382642423,115.09433962264151,0.1599912196397781,2022-01,4.911060121931998,0.992689165198834
케이옥션,판매업체,2022-01-24,3995.0,2.17,20000.0,-80.03,40000.0,100.0,52000.0,2021.12,V,0.029307506695164548,0.011015242806969534,33.97,-0.27366119323462884,0.16556867692839103,0.6395570107182258,-2.2177485382642423,160.0,0.1599912196397781,2022-01,2.7978907918895857,0.9425617399936992
애드바이오텍,제약,2022-01-24,2820.0,-0.35,7000.0,-59.71,6730.0,-3.86,5950.0,2021.12,V,0.00932185608116632,-0.32429040165843886,310.52,-0.5708789496667295,-0.2552819658292402,-1.0720128852917983,-2.2177485382642423,-15.0,0.1599912196397781,2022-01,-0.46150433922833534,0.3866290135103119
LG에너지솔루션(유가),전기제품,2022-01-27,381500.0,-5.22,300000.0,27.17,597000.0,99.0,505000.0,2021.12,V,0.016473362757454334,-0.05349724460799028,171.83,-0.5133817327420455,1.9486867708480267,-1.0197907516636369,-2.2177485382642423,68.33333333333333,0.1599912196397781,2022-01,0.1252599854449068,0.5312741159769785
스코넥,소프트웨어,2022-02-04,3065.0,-2.85,13000.0,-76.42,26000.0,100.0,24450.0,2021.12,V,-0.007127019573015346,1.8183320088438815,-1256.07,-0.5445409388083727,-0.2788046019979534,1.0645217488238043,-2.2177485382642423,88.07692307692308,0.1314583271741867,2022-02,3.598316526880341,0.9733593872358822
이지트로닉스,전기제품,2022-02-04,4900.0,-3.73,22000.0,-77.73,23450.0,6.59,25500.0,2021.12,V,0.01463932748246825,-0.11158123900893735,82.61,-0.34565175624747063,-0.06965768475874182,-0.006007205487708326,-2.2177485382642423,15.909090909090908,0.1314583271741867,2022-02,0.4491243775956324,0.6104310267196476
아셈스,화학,2022-02-07,6800.0,-1.02,8000.0,-15.0,16000.0,100.0,13500.0,2021.12,V,0.020674821642433637,-0.01765697382190149,104.1,-0.4657352294830295,0.228466160596907,1.9119479333897573,-2.2177485382642423,68.75,0.1314583271741867,2022-02,4.446843334326952,0.9884201728071387
나래나노텍,디스플레이장비및부품,2022-02-08,2910.0,-1.52,17500.0,-83.37,15750.0,-10.0,13900.0,2021.12,V,0.021729289350870824,0.06898545857050045,138.95,-0.5425767481680884,0.9592019667945436,-1.0755323646345598,-2.2177485382642423,-20.57142857142857,0.1314583271741867,2022-02,-1.9281028702347998,0.12696071241683607
인카금융서비스,손해보험,2022-02-16,6430.0,-0.31,18000.0,-64.28,17250.0,-4.17,14400.0,2021.12,V,0.01746628565800608,0.16598174696777246,418.09,-0.3603236651211089,0.1088075331299742,-1.0743798590751346,-2.2177485382642423,-20.0,0.1314583271741867,2022-02,-1.679130981067702,0.15721057560919885
바이오에프디엔씨,생물공학,2022-02-21,13660.0,-0.87,28000.0,-51.21,25200.0,-10.0,22200.0,2021.12,V,0.025463007695920793,0.002595623638174071,45.06,-0.35255618395271215,0.1231256594935388,-1.0998465141785685,-2.2177485382642423,-20.714285714285715,0.1314583271741867,2022-02,-1.813425253131793,0.14022466225614613
퓨런티어,전자장비와기기,2022-02-23,23850.0,-4.98,15000.0,59.0,30000.0,100.0,31200.0,2021.12,V,0.016965721220537845,0.05385289979415185,37.76,-0.09983032156947413,0.14306876407136093,2.2191960015062744,-2.2177485382642423,108.0,0.1314583271741867,2022-02,5.47367315259218,0.9958217390798794
브이씨,레저용장비와제품,2022-02-24,2865.0,-1.21,15000.0,-80.9,17400.0,16.0,15350.0,2021.12,V,0.021146665169555337,0.04435238356990291,81.47,0.016979500598944316,0.5240331976733479,-1.0482068295965685,-2.2177485382642423,2.3333333333333335,0.1314583271741867,2022-02,-1.357316415906384,0.20467680119793913
스톤브릿지벤처스,창업투자,2022-02-25,3885.0,-2.14,8000.0,-51.44,7200.0,-10.0,6510.0,2021.12,V,0.041300538258440433,0.13036903345651601,26.56,,0.6953393523802816,-1.0775523474967788,-2.2177485382642423,-18.625,0.1314583271741867,2022-02,,
풍원정밀,디스플레이장비및부품,2022-02-28,8520.0,-3.4,15200.0,-43.95,20200.0,32.89,21450.0,2021.12,V,0.017704258915163112,-0.05139233981579141,131.43,-0.6176028785340968,0.0034670320266060022,1.6652249959424237,-2.2177485382642423,41.118421052631575,0.1314583271741867,2022-02,3.7725927845143716,0.9775243957742072
비씨엔씨,반도체와반도체장비,2022-03-03,8560.0,-3.06,13000.0,-34.15,26000.0,100.0,22600.0,2021.12,V,0.02060096787297111,0.09270830447176875,133.4,-0.588288821251067,0.3118181104990867,2.2231863970991235,-2.2177485382642423,73.84615384615385,0.1131676733493805,2022-03,5.052120597569154,0.9936448895072049
노을,건강관리장비와용품,2022-03-03,2885.0,-6.33,10000.0,-71.15,9670.0,-3.3,9210.0,2021.12,V,-0.3033914157719417,1.184641887754607,974.9,-0.4448136231175777,-0.44448577849062965,-1.0949390711513374,-2.2177485382642423,-7.9,0.1131676733493805,2022-03,-1.3481327450806706,0.2061758127924732
모아데이타,소프트웨어,2022-03-10,1522.0,-3.67,20000.0,-92.39,18000.0,-10.0,16050.0,2021.12,V,0.02036709760300644,-0.06493199766831384,28.63,-0.06480225515107194,-0.05022594183676128,-1.0767344403255736,-2.2177485382642423,-19.75,0.1131676733493805,2022-03,-1.5345527421490788,0.17732854153736236
유일로보틱스,기계,2022-03-18,30100.0,1.69,10000.0,201.0,20000.0,100.0,26000.0,2021.12,V,0.01845510557136547,0.03377097029020051,82.14,-0.39957771746254683,0.2530115200773035,2.036158290616872,-2.2177485382642423,160.0,0.1131676733493805,2022-03,4.797278188752446,0.9918153636917795
공구우먼,"섬유,의류,신발,호화품｜",2022-03-23,3865.0,-3.38,20000.0,-80.68,21600.0,8.0,20000.0,2021.12,V,0.02366179631847361,0.09185496469114755,16.34,0.4136269680793727,0.2187502891359167,-1.096388997500292,-2.2177485382642423,0.0,0.1131676733493805,2022-03,-1.0588881897915434,0.25752198039566687
세아메카닉스,전자장비와기기,2022-03-24,2435.0,-3.18,4400.0,-44.66,8800.0,100.0,7600.0,2021.12,V,0.016789292771266253,-0.017884531096733793,35.23,-0.24446617780858587,0.06738723900680516,1.962509467609714,-2.2177485382642423,72.72727272727273,0.1131676733493805,2022-03,4.760205307009986,0.9915088658096572
코람코더원리츠(유가),부동산,2022-03-28,4600.0,-2.13,5000.0,-8.0,5260.0,5.2,5410.0,2023.08,,0.035970757895561416,-0.10856610511740923,153.97,-0.688551825298303,-0.05482819673933562,-0.5468173411148937,-2.2177485382642423,8.200000000000001,0.1131676733493805,2022-03,-1.0009377500797516,0.2687570884677945
지투파워,전기장비,2022-04-01,8850.0,-2.75,16400.0,-46.04,32800.0,100.0,35250.0,2021.12,V,0.01796685009547432,-0.08626549218384288,48.14,-0.03989274657655823,-0.05278275011596925,1.4091828737565097,-2.2177485382642423,114.9390243902439,0.1180117130279541,2022-04,3.742011049934891,0.9768425977418915
포바이포,방송과엔터테인먼트,2022-04-28,5420.0,-0.91,17000.0,-68.12,34000.0,100.0,44200.0,2021.12,V,0.02210266118537582,-0.0074168964544475465,21.79,0.9397026945688332,0.21721620416839194,3.558048078104675,-1.8991684220805518,160.0,0.1180117130279541,2022-04,9.371670074148891,0.9999149060971361
대명에너지,에너지장비및서비스｜,2022-05-16,10350.0,-3.81,15000.0,-31.0,15450.0,3.0,13950.0,2021.12,V,0.028843869142427578,0.18942014627550038,178.96,-0.2952970507420021,0.7316460299450347,-0.9178745611183121,-1.8991684220805518,-7.000000000000001,0.1093246042728424,2022-05,-1.1471769341680282,0.24100510525807622
가온칩스,반도체와반도체장비,2022-05-20,31100.0,-3.42,14000.0,122.14,24150.0,72.5,27100.0,2021.12,V,0.02260322562284406,0.10061591977219152,69.21,-0.2560132379363174,0.2683523697525513,1.5999287401078763,-1.8991684220805518,93.57142857142856,0.1093246042728424,2022-05,4.186360973183039,0.9850261224260491
마스턴프리미어리츠(유가),부동산,2022-05-31,1764.0,-0.95,5000.0,-64.72,5750.0,15.0,6010.0,2022.03,,0.05398697465722559,-0.1114674603715212,7.86,-0.6883137415843292,0.18806858978542113,-0.2764122733013009,-1.5805883058968613,20.200000000000003,0.1093246042728424,2022-05,-0.14283434692582597,0.464351999175637
청담글로벌,인터넷과카탈로그소매,2022-06-03,5090.0,-0.59,6000.0,-15.17,6500.0,8.33,7640.0,2021.12,V,0.01746218267081372,0.10175370614635304,77.25,0.4325248628760467,0.1527846355323512,-1.0535480112751963,-1.5805883058968613,27.333333333333332,0.1245241165161132,2022-06,-0.6583318812868515,0.34111443076801956
범한퓨얼셀, 전기장비｜,2022-06-17,13430.0,-4.48,40000.0,-66.43,41000.0,2.5,47950.0,2021.12,V,0.020198875128119576,-0.031082853037007772,127.22,-0.3737158740321378,0.1768186333569061,-0.22539221536415335,-1.5805883058968613,19.875,0.1245241165161132,2022-06,0.28462175830892145,0.5706789434615025
비큐AI(구 비플라이소프트),소프트웨어,2022-06-20,1045.0,-3.69,10000.0,-89.55,10500.0,5.0,9050.0,2021.12,V,0.012436023360169534,-0.5384217972756424,294.59,-0.30002896455723227,-0.09215759761577193,-1.072434231410298,-1.5805883058968613,-9.5,0.1245241165161132,2022-06,-1.7167243330387798,0.15229357155844456
위니아에이드,전문소매｜,2022-06-23,1691.0,0.0,16200.0,-89.56,14600.0,-9.88,11000.0,2021.12,V,0.017613993196931136,0.050610208627791434,183.22,-0.4642769667349396,1.2010760300076173,-0.9678412537592107,-1.5805883058968613,-32.098765432098766,0.1245241165161132,2022-06,-1.3605751544667943,0.2041468405146219
보로노이,제약,2022-06-24,74100.0,-6.68,40000.0,85.25,36000.0,-10.0,29350.0,2021.12,V,-0.16467762477254685,-0.7440197950866342,66.74,-0.47865127096611065,-1.04482436244866,-1.0988179339481134,-1.5805883058968613,-26.625,0.1245241165161132,2022-06,-2.089517925776226,0.11011980559305715
레이저쎌,반도체와반도체장비,2022-06-24,3745.0,-3.73,16000.0,-76.59,20600.0,28.75,17350.0,2021.12,V,0.011332319805423995,3.8173088896083067,33.42,0.2686935071977935,-0.8167570639433095,1.1808380625954988,-1.5805883058968613,8.4375,0.1245241165161132,2022-06,6.005376824153781,0.9975406034156021
넥스트칩,반도체와반도체장비,2022-07-01,13450.0,-6.92,13000.0,3.46,17150.0,31.92,14300.0,2021.12,V,-0.007881969216410066,-0.7542598724540882,17.86,0.9975867975287247,-0.9420406696244998,1.0349407727985502,-1.5805883058968613,10.0,0.1450793892145156,2022-07,3.83674755039845,0.978891552573641
코난테크놀로지,소프트웨어,2022-07-07,25100.0,0.4,25000.0,0.4,35300.0,41.2,30600.0,2021.12,V,0.019858327191153477,0.0008889440769317438,74.7,0.31047719900020365,0.04181915621472549,0.6129502425882631,-1.5805883058968613,22.4,0.1450793892145156,2022-07,2.709248752135857,0.9375701907855583
영창케미칼,화학제품,2022-07-14,12750.0,-6.59,18600.0,-31.45,18400.0,-1.08,16450.0,2021.12,V,0.01609178494856461,-0.13149250055676445,194.84,-0.6246263480963252,-0.12999836014804983,-0.2603887282654176,-0.9434280735294799,-11.559139784946236,0.1450793892145156,2022-07,0.2209577730992991,0.5550157919011388
에이치피에스피,반도체와반도체장비,2022-07-15,26500.0,0.19,25000.0,6.0,50000.0,100.0,43250.0,2021.12,V,0.03492859914870131,0.3487671279768253,73.69,-0.12161498139808107,0.19420492965552025,0.3306359506606072,-0.9434280735294799,73.0,0.1450793892145156,2022-07,2.195838857934317,0.8998752161076122
루닛,건강관리기술,2022-07-21,68000.0,1.49,30000.0,126.67,30800.0,2.67,40000.0,2021.12,V,-0.2677241481087336,0.5375827767689343,4505.83,-0.38582838298055727,-2.4408416828962096,-1.094579687697323,-0.9434280735294799,33.33333333333333,0.1450793892145156,2022-07,-0.9963808459822858,0.2696535849980528
에이프릴바이오,제약,2022-07-28,16250.0,-3.45,16000.0,1.56,19500.0,21.88,21850.0,2021.12,V,0.022504753930227356,-1.4965517029570823,7.37,3.6797486377653392,-2.6239091556875,-1.0998217291127745,-0.9434280735294799,36.5625,0.1450793892145156,2022-07,1.715641929708963,0.847566637314366
성일하이텍,전기제품,2022-07-28,44850.0,-2.5,50000.0,-10.3,99900.0,99.8,88200.0,2021.12,V,0.019406998599993595,-0.19327430067373655,82.7,-0.5009716191511587,-0.6515872491064749,0.39018207123092397,-0.9434280735294799,76.4,0.1450793892145156,2022-07,1.6966981861179744,0.8451030068854929
아이씨에이치,전자장비와기기,2022-07-29,3150.0,-2.93,34000.0,-90.74,30600.0,-10.0,27000.0,2021.12,V,0.02479832377075805,0.12433876567345978,55.99,-0.2798513697979488,0.30517040897314596,-1.1026100490146105,-0.9434280735294799,-20.588235294117645,0.1450793892145156,2022-07,-1.1169856154344906,0.24657084892654993
수산인더스트리(유가),에너지장비및서비스,2022-08-01,21950.0,-2.23,35000.0,-37.29,33000.0,-5.71,32500.0,2021.12,V,0.021868790915411156,0.010332570982472599,44.81,0.19723863254139284,2.625218241526454,-1.1015071135867731,-0.9434280735294799,-7.142857142857142,0.1487986147403717,2022-08,0.20739173336875494,0.551662891804219
새빗켐,전기제품,2022-08-04,17160.0,-5.4,35000.0,-50.97,70000.0,100.0,72500.0,2021.12,V,0.021515934016867973,0.09959191203544612,63.08,-0.2590785657537307,0.5470444721862195,1.0319417798374644,-0.9434280735294799,107.14285714285714,0.1487986147403717,2022-08,3.6119942348720535,0.9737117753637343
에이치와이티씨,전기제품,2022-08-09,3880.0,0.0,15000.0,-74.13,14700.0,-2.0,15850.0,2021.12,V,0.023157128893813012,0.20790917485562557,112.79,0.014211777423998413,0.4304540146543363,-0.5696443867112565,-0.9434280735294799,5.666666666666666,0.1487986147403717,2022-08,0.818156224665533,0.6938448176757187
쏘카(유가),도로와철도운송,2022-08-22,17900.0,4.37,28000.0,-36.07,28000.0,0.0,26300.0,2021.12,V,0.011730309563083168,-0.08108856418140784,187.05,-0.4931446170542686,0.04284187952640868,-1.08787532740002,-0.9434280735294799,-6.071428571428571,0.1487986147403717,2022-08,-0.3202743225666982,0.42060889479477725
대성하이텍,기계,2022-08-22,3685.0,0.14,9000.0,-59.06,13000.0,44.44,14600.0,2021.12,V,0.019091068586181672,0.04907419702267335,478.56,-0.5793904424412945,0.2928977292329477,0.3025668636487931,-0.9434280735294799,62.22222222222222,0.1487986147403717,2022-08,2.2286275881536746,0.9027909835028023
오픈엣지테크놀로지,반도체와반도체장비,2022-09-26,11250.0,-2.09,10000.0,12.5,10800.0,8.0,10050.0,2021.12,V,-0.07275840270204752,-0.1615557391257047,75.63,0.2409269940555937,-0.5523830878732058,-1.0088481451155433,-0.6248479573457894,0.5,0.1406467258930206,2022-09,-0.4665459371706904,0.385434099094501
알피바이오, 제약,2022-09-29,5400.0,-3.4,13000.0,-58.46,19300.0,48.46,18300.0,2021.12,V,0.016809807707228067,-0.07983699916983013,121.38,-0.5726943379857801,0.20698897105156008,0.775713769658095,-0.6248479573457894,40.76923076923077,0.1406467258930206,2022-09,2.6249799546171944,0.9324520463083164
더블유씨피,전기제품,2022-09-30,12410.0,-5.56,60000.0,-79.32,54000.0,-10.0,41700.0,2021.12,V,0.02365769333128125,-0.11886307180357125,55.27,-0.24851360094614122,-0.3672701684585491,-1.0967359884214094,-0.6248479573457894,-30.5,0.1406467258930206,2022-09,-1.0449185206059002,0.2602020775592287
선바이오, 생물공학,2022-10-05,6660.0,1.37,11000.0,-39.45,12050.0,9.55,10600.0,2021.12,V,0.02861410185965527,-0.10088604709181878,28.08,0.4098176286557911,-0.06505542985616748,-0.8748724719655548,-0.6248479573457894,-3.636363636363636,0.1003065109252929,2022-10,0.03013628657351708,0.5075335014941611
KB스타리츠(유가),부동산,2022-10-06,4045.0,-1.94,5000.0,-19.1,4500.0,-10.0,4340.0,2022.06,V,0.015119376983974675,-0.11493770881271391,13.44,-0.6647434539009185,-0.1161915954403268,-1.1031677129949775,-0.6248479573457894,-13.2,0.1003065109252929,2022-10,-1.4492350201106854,0.19011932508296317
모델솔루션,기계,2022-10-07,9100.0,-2.15,27000.0,-66.3,29500.0,9.26,30900.0,2021.12,V,0.020703542552780174,0.06067961803912114,80.89,0.059090557508068436,0.6334645920234488,0.7715003084730985,-0.6248479573457894,14.444444444444445,0.1003065109252929,2022-10,3.2599389611425544,0.9630286175067827
이노룰스,소프트웨어,2022-10-07,6000.0,-0.17,12500.0,-52.0,13150.0,5.2,15850.0,2021.12,V,0.022484238994265545,0.043840379701530215,35.16,0.03156212807984243,0.3077272172523539,-0.13747958699249319,-0.6248479573457894,26.8,0.1003065109252929,2022-10,1.3111059734187729,0.7876981664014302
오에스피,식품,2022-10-14,2840.0,-2.57,8400.0,-66.19,10850.0,29.17,10050.0,2021.12,V,0.02203701339029802,0.0074881050470687275,24.17,0.1452173410381075,0.13488697757789544,0.15659521865446172,0.012312275021591964,19.642857142857142,0.1003065109252929,2022-10,2.310952371952778,0.9097800567907327
에스비비테크,기계,2022-10-17,17780.0,5.58,12400.0,43.39,23900.0,92.74,31050.0,2021.12,V,0.0012307653378272705,-0.4968357053000378,167.32,-0.43040955842216,-0.48028109439954114,0.9484656782429474,0.012312275021591964,150.40322580645162,0.1003065109252929,2022-10,3.1946407461681368,0.9606321001628995
탑머티리얼,전자장비와기기,2022-10-18,28900.0,-4.3,30000.0,-3.67,33500.0,11.67,37000.0,2021.12,V,0.020908691912398306,-0.10606297509425382,21.9,0.7405159073654639,0.31488628043413625,-1.0909114979597967,0.012312275021591964,23.333333333333332,0.1003065109252929,2022-10,0.14436857309266693,0.536029586757618
샤페론,제약,2022-10-19,3615.0,-6.59,5000.0,-27.7,9000.0,80.0,8630.0,2021.12,V,-0.8066310008895994,0.8340899058754337,10.76,5.477369959660621,-0.9998245367345998,-1.094083986381441,0.012312275021591964,72.6,0.1003065109252929,2022-10,4.706990587602698,0.9910489278562086
핀텔,소프트웨어,2022-10-20,1844.0,-2.64,8900.0,-79.28,15300.0,71.91,10850.0,2021.12,V,0.010446074571873673,-0.6507782017240954,118.89,0.3631829811811638,-0.25221379589419063,-1.0977645686518644,0.012312275021591964,21.910112359550563,0.1003065109252929,2022-10,-0.5021330698728939,0.3770395205567403
플라즈맵,건강관리장비와용품,2022-10-21,1390.0,-2.11,7000.0,-80.14,8420.0,20.29,6700.0,2021.12,V,-0.05408160500241294,0.4836517026336768,143.83,0.012128544926727205,-1.2186873254348016,-1.102300235692184,0.012312275021591964,-4.285714285714286,0.1003065109252929,2022-10,-0.20134808237524604,0.44983235242353325
산돌,소프트웨어,2022-10-27,5970.0,-1.16,18800.0,-68.24,24150.0,28.46,20850.0,2021.12,V,0.031063585213495743,-0.09667623750742105,67.65,-0.25717389604193996,-0.03283964553814711,-0.9650281487915808,0.012312275021591964,10.904255319148938,0.1003065109252929,2022-10,-0.4821809116947815,0.3817372671109535
저스템,반도체와반도체장비,2022-10-28,5890.0,-5.61,10500.0,-43.9,11000.0,4.76,12400.0,2021.12,V,0.021294372708480388,0.040939024447418274,93.9,-0.3430625958580051,0.4892606050761195,-1.0033210754434598,0.012312275021591964,18.095238095238095,0.1003065109252929,2022-10,-0.5869614558952487,0.3573323407213326
큐알티,반도체와반도체장비,2022-11-02,11410.0,-3.96,44000.0,-74.07,43000.0,-2.27,38350.0,2021.12,V,0.024137742832787676,0.1366837478331126,79.69,-0.18756417016883656,0.7244869667632524,-1.0965005302963655,0.012312275021591964,-12.840909090909092,0.1162007898092269,2022-11,-0.5956213044853764,0.35534610802449035
제이아이테크,반도체와반도체장비,2022-11-04,2880.0,-2.04,16000.0,-82.0,14400.0,-10.0,11900.0,2021.12,V,0.025975881094966118,0.039858127391964794,51.21,-0.31729003382033616,0.03926234793551753,-1.0690510699294036,0.012312275021591964,-25.624999999999996,0.1162007898092269,2022-11,-0.6866372406276677,0.33478155284074157
뉴로메카,기계,2022-11-04,26350.0,7.77,16900.0,55.92,24250.0,43.49,21050.0,2021.12,V,-0.00208444831360171,-0.5369426749892323,56.34,-0.025012514453192823,-0.5084059854708288,0.35892810326456853,0.012312275021591964,24.55621301775148,0.1162007898092269,2022-11,2.294481934239331,0.9084190029046852
디티앤씨알오, 생명과학도구및서비스,2022-11-11,5570.0,-2.28,17000.0,-67.24,15700.0,-7.65,13850.0,2021.12,V,0.020855353078897593,0.07091969540657506,82.65,-0.4699612154060653,0.18448905819453,-1.0986196534217607,0.012312275021591964,-18.529411764705884,0.1162007898092269,2022-11,-0.878760549953916,0.2934346892328546
윤성에프앤씨,전자장비와기기,2022-11-14,41050.0,-5.09,49000.0,-16.22,44100.0,-10.0,40450.0,2021.12,V,0.012218565038974316,-0.16807233248605824,357.34,-0.5575165012199473,-0.31613400287438975,-1.1035766665805802,0.012312275021591964,-17.448979591836736,0.1162007898092269,2022-11,-1.0885002791420333,0.25190079079306354
티에프이,반도체와반도체장비,2022-11-17,14820.0,0.47,10500.0,41.14,10000.0,-4.76,9260.0,2021.12,V,0.020921000873975394,0.10528084390625388,84.22,-0.2244076249062893,0.47749928699176286,-0.99693892100148,0.012312275021591964,-11.80952380952381,0.1162007898092269,2022-11,-0.42900727459643084,0.3943634101264271
엔젯,디스플레이장비및부품,2022-11-18,9190.0,-3.16,10000.0,-8.1,9000.0,-10.0,10850.0,2021.12,V,0.021918026761719507,-0.15493089986449235,34.75,0.29154954373928277,-2.0859566937421437,-1.1034155636529184,0.012312275021591964,8.5,0.1162007898092269,2022-11,-0.24155124624339797,0.43990410596577506
유비온,교육서비스,2022-11-18,903.0,4.15,2000.0,-54.85,1850.0,-7.5,1745.0,2021.12,V,0.01722831240084905,0.3414284058634833,536.88,-0.607633123011442,-0.029771475603097553,-1.0340917346268306,0.012312275021591964,-12.75,0.1162007898092269,2022-11,-0.7132915883686373,0.32887192786106173
인벤티지랩, 제약,2022-11-22,13900.0,-2.87,12000.0,15.83,12750.0,6.25,14950.0,2021.12,V,-0.1959300782167728,-0.35842399288328536,19.75,2.0469110064042066,-0.7814731096902395,-1.0982974475664375,0.012312275021591964,24.583333333333332,0.1162007898092269,2022-11,1.134992547078901,0.7567590787276578
펨트론,전자장비와기기,2022-11-24,7000.0,9.2,8000.0,-12.5,9820.0,22.75,9210.0,2021.12,V,0.017581169299392237,0.17593737774168602,394.39,-0.5587069197898166,0.04284187952640868,-1.087639869274976,0.3308923912052826,15.125,0.1162007898092269,2022-11,-0.731825492813095,0.32479426348686885
바이오노트(유가),건강관리장비와용품,2022-12-22,4700.0,-0.84,9000.0,-47.78,9980.0,10.89,10650.0,2021.12,V,0.04569894052865314,0.28681465990372895,17.13,0.7591161975196706,3.5927144943787486,-1.087615084209182,0.3308923912052826,18.333333333333332,0.1555721312761306,2022-12,0.5806383853813595,0.6412142855704338
티이엠씨,제조업,2023-01-19,7650.0,-4.38,28000.0,-72.68,27950.0,-0.18,28100.0,2021.12,V,0.020921000873975394,0.23373692554909273,101.33,-0.4469563765433423,1.1632352674753395,-1.1047167796071087,0.6494725073889732,0.3571428571428571,0.1216398328542709,2023-01,-0.5252990115818341,0.3716139847277236
한주라이트메탈(구.한주금속),화학,2023-01-19,816.0,-1.81,3100.0,-73.68,4115.0,32.74,5340.0,2022.12,V,0.015636353370212363,-0.11419814766950889,380.82,-0.5512965641923806,0.1168972745253882,-0.40531940049639686,0.6494725073889732,72.25806451612902,0.1216398328542709,2023-01,0.7007754354653852,0.6683596737654426
오브젠,반도체 및 관련 장비,2023-01-30,9840.0,-1.01,18000.0,-45.33,36000.0,100.0,46800.0,2022.12,V,0.008279697334306219,-0.8493219240152856,1193.29,-0.0180188053552111,-0.6572122273207324,-1.0983222326322317,0.6494725073889732,160.0,0.1216398328542709,2023-01,-0.6623679987642683,0.3402078742552223
삼기이브이,소프트웨어,2023-02-03,1773.0,-0.73,11000.0,-83.88,22000.0,100.0,26850.0,2022.12,V,0.018003776980205586,-0.0005332888907701921,110.74,-0.33321188219233716,1.731352953498791,-0.9599472103037909,0.6494725073889732,144.0909090909091,0.1306620687246322,2023-02,-0.2634550123246737,0.4345145801110661
스튜디오미르,자동차 부품,2023-02-07,2770.0,-1.07,19500.0,-85.79,39000.0,100.0,50700.0,2022.12,V,0.020026549666040346,-0.05958440170975457,21.04,0.44389336021829784,-0.04664641024587013,0.8682735978661484,0.6494725073889732,160.0,0.1306620687246322,2023-02,4.34765865093562,0.9872281627794678
꿈비,가정용품,2023-02-09,5570.0,-1.76,5000.0,11.4,10000.0,100.0,13000.0,2022.12,V,0.01642002392395362,-0.002865750957801368,98.05,-0.45894984363477487,0.0075579252733387475,1.0909674140261052,0.6494725073889732,160.0,0.1306620687246322,2023-02,4.020575129988823,0.9823736211959583
샌즈랩,소프트웨어,2023-02-15,7030.0,-4.61,10500.0,-33.05,21000.0,100.0,24900.0,2022.12,V,0.02392849048597718,0.2428392165423851,389.21,-0.40362514060010224,0.01420562679927946,-0.02996197157770249,0.6494725073889732,137.14285714285714,0.1306620687246322,2023-02,1.8349882438158214,0.8623548969579812
제이오,화학,2023-02-16,15970.0,-2.98,13000.0,22.85,19900.0,53.08,21500.0,2022.12,V,0.013334577555296944,-0.1896333842764196,44.15,0.08879150082630576,-0.1847140573231003,-0.9291641585875231,0.6494725073889732,65.38461538461539,0.1306620687246322,2023-02,0.14458214302177996,0.5360827015892127
이노진,바이오테크놀로지,2023-02-20,1525.0,-2.87,3000.0,-49.17,6000.0,100.0,7800.0,2022.12,V,0.02138874141390473,0.011185910763093772,17.87,0.41324008204416524,-0.0042033928110178954,0.9314631231081973,0.6494725073889732,160.0,0.1306620687246322,2023-02,4.491674591232082,0.9889222222789977
바이오인프라,바이오테크놀로지,2023-03-02,6790.0,-4.77,21000.0,-67.67,42000.0,100.0,29400.0,2022.12,V,0.022073940275029284,0.13241704893000678,81.97,-0.1684877125866821,0.69482799072444,0.17658437421740053,0.6494725073889732,40.0,0.1518766731023788,2023-03,2.1695870500064265,0.8974849790420797
나노팀,화학,2023-03-03,9000.0,12.64,13000.0,-30.77,26000.0,100.0,29800.0,2022.12,V,0.021491316093713797,0.7323149147066833,222.78,-0.39883370585637856,0.10676208650660783,0.9234699393896012,0.6494725073889732,129.23076923076923,0.1518766731023788,2023-03,3.5854441903500502,0.9730235544133958
자람테크놀로지,반도체 및 관련 장비,2023-03-07,39950.0,19.79,22000.0,81.59,44000.0,100.0,42700.0,2022.12,V,0.015226054650976102,-0.0953108938584272,5.28,1.9575700927355206,-0.01749879586289932,0.1715158282625079,0.6494725073889732,94.0909090909091,0.1518766731023788,2023-03,2.1335384111304383,0.8941204538572156
금양그린파워,에너지,2023-03-13,10000.0,-6.19,10000.0,0.0,19000.0,90.0,16200.0,2022.12,V,0.01661286432199466,-0.039559361524511304,95.11,-0.39517316875403075,0.35017023468720615,0.5203036666499306,0.6494725073889732,62.0,0.1518766731023788,2023-03,2.6339085685463655,0.9330122503093523
지아이이노베이션,바이오테크놀로지,2023-03-30,11600.0,-4.29,13000.0,-10.77,18950.0,45.77,20250.0,2022.12,V,-0.7818817821452683,-0.45564783855538965,11.18,2.357997139175284,-1.0985173363120273,-0.7807883622111645,0.6494725073889732,55.769230769230774,0.1518766731023788,2023-03,-0.11540842864634548,0.4711798739311655
마이크로투나노,반도체 및 관련 장비,2023-04-26,5910.0,-5.59,15500.0,-61.87,25200.0,62.58,20650.0,2022.12,V,0.020937412822744843,0.028992267518722005,89.6,0.3507133466617836,0.5281240909200806,0.9224785367578374,0.6494725073889732,33.225806451612904,0.0870765447616577,2023-04,4.40764163305025,0.9879627814780574
토마토시스템,소프트웨어,2023-04-27,5070.0,-2.69,18200.0,-72.14,18100.0,-0.55,14650.0,2022.12,V,0.026004602005312655,0.2213919433894399,36.07,0.24872423568823718,0.11903476624680606,-0.7758809191839334,0.6494725073889732,-19.505494505494507,0.0870765447616577,2023-04,0.8378498547198032,0.6980121774048791
에스바이오메딕스,바이오테크놀로지,2023-05-04,19910.0,-4.74,18000.0,10.61,23150.0,28.61,18830.0,2022.12,V,0.0020144358915685275,5.562104294385041,2253.35,-0.47290750136649157,-0.3943723362181535,0.1270885978265898,0.6494725073889732,4.611111111111111,0.1238229274749755,2023-05,5.045116493389065,0.9936005072570245
트루엔,전자 장비 및 기기,2023-05-17,9440.0,-2.88,12000.0,-21.33,19340.0,61.17,17200.0,2022.12,V,0.024228008551019652,-0.0219236727250073,7.8,0.7876267222680388,0.3854541889402761,0.7306421275115303,0.6494725073889732,43.333333333333336,0.1238229274749755,2023-05,4.379294348551708,0.987620961075404
씨유박스,소프트웨어,2023-05-19,3085.0,-2.83,15000.0,-79.43,15680.0,4.53,13920.0,2022.12,V,-0.0007632864376609532,-0.8552384131609256,813.46,-0.47034810144127276,-0.5748830007302359,-1.0399657952200314,0.6494725073889732,-7.199999999999999,0.1238229274749755,2023-05,-0.9626226574096619,0.2763534025631229
모니터랩,소프트웨어,2023-05-19,3665.0,-3.81,9800.0,-62.6,19600.0,100.0,14200.0,2022.12,V,0.018003776980205586,-0.06373732197544421,54.82,1.1820123944657157,-0.041021432031612605,1.1064828652132095,0.6494725073889732,44.89795918367347,0.1238229274749755,2023-05,5.525095005416155,0.9960303310450442
기가비스,소프트웨어,2023-05-24,24550.0,-5.94,43000.0,-42.91,71200.0,65.58,79000.0,2022.12,V,0.028626410821232358,0.08121666209273709,40.94,0.07920863133885853,1.2685757685787076,-0.08489806991031741,0.6494725073889732,83.72093023255815,0.1238229274749755,2023-05,2.032572224199502,0.884174759199647
진영(구.진영엘디엠),전자 장비 및 기기,2023-06-01,2365.0,-3.07,5000.0,-52.7,10000.0,100.0,8680.0,2022.12,V,0.0202070811025043,0.04327148651444945,121.76,-0.5037988632545982,0.1292619993636379,0.6942824359915909,0.6494725073889732,73.6,0.0813499987125396,2023-06,3.1621325194355414,0.9593841241170267
나라셀라,음료,2023-06-02,3010.0,-3.99,20000.0,-84.95,19500.0,-2.5,17500.0,2022.12,V,0.019288011971415078,-0.11323102925147159,146.76,-0.4007681360324162,0.4151131649790885,-1.099722588849598,0.6494725073889732,-12.5,0.0813499987125396,2023-06,-0.6401769617397353,0.3452065380461667
큐라티스,바이오테크놀로지,2023-06-15,698.0,-4.64,4000.0,-82.55,4500.0,12.5,5850.0,2022.12,V,-0.09010172956416423,2.317478891188553,-356.63,-0.6406077173968198,-0.7957912360538042,-0.9126449122357577,0.6494725073889732,46.25,0.0813499987125396,2023-06,0.8739931370633585,0.7055759068969579
시큐센,소프트웨어,2023-06-29,1981.0,-3.37,3000.0,-33.97,8940.0,198.0,9150.0,2022.12,V,0.016965721220537845,0.06642543922863697,128.6,-0.3353843960823485,0.0413077945588839,0.5742111847520903,0.6494725073889732,204.99999999999997,0.0813499987125396,2023-06,3.076375733948288,0.9559076805152513
알멕,기계,2023-06-30,25600.0,-4.48,50000.0,-48.8,145400.0,190.8,99500.0,2022.12,V,0.017659126056047126,-0.06060840944649996,203.71,-0.33648553325947755,0.5066469013747337,1.2886407062669214,0.6494725073889732,99.0,0.0813499987125396,2023-06,4.503845033087988,0.9890547599187417
오픈놀,소프트웨어,2023-06-30,4350.0,-2.03,10000.0,-56.5,13000.0,30.0,15750.0,2022.12,V,0.01643643587272307,-0.14025345563780836,44.45,0.24803974501056233,-0.11158934053775246,-1.0449475934446448,0.6494725073889732,57.49999999999999,0.0813499987125396,2023-06,0.07127143661193625,0.5178103206562028
이노시뮬레이션,소프트웨어,2023-07-06,4750.0,0.21,15000.0,-68.33,44850.0,199.0,35000.0,2022.12,V,0.010343499892064607,-0.34437233116239024,190.62,-0.574688289090311,-0.4373267153088473,1.5137882439404944,0.6494725073889732,133.33333333333331,0.0625649094581604,2023-07,4.633881946988192,0.9903765457195554
필에너지,에너지,2023-07-14,13260.0,-6.69,34000.0,-61.0,122600.0,260.59,114600.0,2022.12,V,0.01834432491717168,-0.10856610511740923,471.04,-0.4870734823479355,0.048978219396507795,0.5276152610591891,0.6494725073889732,237.05882352941177,0.0625649094581604,2023-07,2.7424271204681436,0.9394842345202781
센서뷰,전자 장비 및 기기,2023-07-19,1495.0,-7.72,4500.0,-66.78,12700.0,182.22,6830.0,2022.12,V,-0.09996120778741158,4.020972650583224,86.07,-0.25732269836317356,-0.3565315736858756,1.270126262118732,0.6494725073889732,51.77777777777778,0.0625649094581604,2023-07,6.77131765405857,0.998855128850017
뷰티스킨,화장품,2023-07-24,10740.0,-3.68,26000.0,-58.69,54500.0,109.62,32600.0,2022.12,V,0.01752783046589152,-0.052700794146077194,99.36,-0.48356174756682124,0.4023291235830487,1.7645511471122655,0.6494725073889732,25.384615384615383,0.0625649094581604,2023-07,5.385062547648815,0.995436368652117
버넥트,소프트웨어,2023-07-26,2895.0,-2.53,16000.0,-81.91,23600.0,47.5,11700.0,2022.12,V,-0.10004737051845118,-0.11630305246170776,61.88,-0.24032947327829024,-0.9047112687480635,-0.993605329652174,0.6494725073889732,-26.875,0.0625649094581604,2023-07,-0.2747962136319404,0.4317300126123171
파로스아이바이오,바이오테크놀로지,2023-07-27,8320.0,-3.59,14000.0,-40.57,12330.0,-11.93,8730.0,2022.12,V,-6.036076914966584,0.3884189831163553,-153.7,-0.5968003140256319,-1.5505610400759955,-0.6751544117967253,0.6494725073889732,-37.642857142857146,0.0625649094581604,2023-07,-2.003087572813015,0.11887912763710617
에이엘티,반도체 및 관련 장비,2023-07-27,6260.0,-5.01,25000.0,-74.96,31600.0,26.4,22550.0,2022.12,V,0.022139588070107085,0.022279327911168868,165.14,-0.6393280174342103,0.9218725659181074,0.5197460026695636,0.6494725073889732,-9.8,0.0625649094581604,2023-07,2.6315531020738794,0.9328648824945877
시지트로닉스,전자 장비 및 기기,2023-08-03,4970.0,-1.39,25000.0,-80.12,26350.0,5.4,23100.0,2022.12,V,0.0010133070166320523,-0.29357016955607707,114.93,-0.5243633440490891,-0.7022120530347926,0.03266988968397929,0.6494725073889732,-7.6,0.1660224795341491,2023-08,1.476172514084479,0.8139937653744588
엠아이큐브솔루션,소프트웨어,2023-08-04,7230.0,-5.24,12000.0,-39.75,36900.0,207.5,26700.0,2022.12,V,0.019911666024654193,0.3072379253199288,119.23,-0.2114320624947147,0.31999989699255216,0.9949500691397752,0.6494725073889732,122.5,0.1660224795341491,2023-08,3.611599050936324,0.9737016578858265
파두,반도체 및 관련 장비,2023-08-07,16450.0,0.55,31000.0,-46.94,26300.0,-15.16,27600.0,2022.12,V,0.01580457584509923,2.048733749611595,66.4,0.6436158357781083,-3.8148704521425705,-1.0068901249178097,0.6494725073889732,-10.967741935483872,0.1660224795341491,2023-08,0.038421139991659636,0.50960410357498
큐리옥스바이오시스템즈,바이오테크놀로지,2023-08-10,18920.0,-2.47,13000.0,45.54,13000.0,0.0,17330.0,2022.12,V,-0.05004016261793579,-0.3787903689807771,10.87,0.4690409525067855,-0.6587463122882572,0.3735512920830854,0.6494725073889732,33.307692307692314,0.1660224795341491,2023-08,2.1247643961403524,0.8932869491088835
코츠테크놀로지,반도체 및 관련 장비,2023-08-10,15500.0,-4.14,13000.0,19.23,25000.0,92.31,20400.0,2022.12,V,0.017441667734851906,-0.035235773302697414,113.33,-0.5463265666631766,0.19471629131136184,-0.7561024366802443,0.6494725073889732,56.92307692307692,0.1660224795341491,2023-08,0.3346553746822041,0.5828916681964926
빅토리콘텐츠(구.빅텐츠),미디어,2023-08-17,25650.0,-2.47,23000.0,11.52,26900.0,16.96,26350.0,2022.12,V,0.01690827939984477,-0.011512927401429136,107.12,-0.4512716438591183,0.1962503762788866,-0.8810067757495936,0.6494725073889732,14.565217391304348,0.1660224795341491,2023-08,0.13029813154838754,0.5325285245391624
넥스틸,철강,2023-08-21,9390.0,-2.9,11500.0,-18.35,11990.0,4.26,10740.0,2022.12,V,0.02583637953042579,-0.11147314930339199,106.13,-0.4696636107635979,4.440040758108269,-1.0999828320404361,0.6494725073889732,-6.608695652173912,0.1660224795341491,2023-08,0.456737567340078,0.612239951659106
스마트레이더시스템,전자 장비 및 기기,2023-08-22,10470.0,-4.9,8000.0,30.88,16110.0,101.38,10470.0,2022.12,V,-0.04151415523220631,4.815204429066693,43.64,-0.013227370611487396,-0.4071563776141933,0.5874835874848291,0.6494725073889732,30.875000000000004,0.1660224795341491,2023-08,4.387314927587953,0.9877186365245694
시큐레터,소프트웨어,2023-08-24,6550.0,0.0,12000.0,-45.42,19000.0,58.33,24300.0,2022.12,V,-0.06730142973620526,-0.630696272220144,29.91,0.11307603965163818,-0.5063605388474625,0.9990396049958015,0.6494725073889732,102.5,0.1660224795341491,2023-08,3.1317091419628627,0.9581819307507284
인스웨이브시스템즈,소프트웨어,2023-09-25,4085.0,-2.97,24000.0,-82.98,36100.0,50.42,51500.0,2022.12,V,0.02132719660601929,0.4920144324837642,112.2,-0.44335536036948797,0.1911367597204707,-0.2724218777084515,0.6494725073889732,114.58333333333331,0.144472599029541,2023-09,1.4156790635301586,0.8046601360567273
밀리의서재,소프트웨어,2023-09-27,13900.0,4.2,23000.0,-39.57,41100.0,78.7,41600.0,2022.12,V,0.018442796609788384,-0.315586335896103,265.77,-0.2918150764251346,0.9617587750737516,-0.33874671377345367,0.6494725073889732,80.8695652173913,0.144472599029541,2023-09,0.9418557120477244,0.7194743501503297
한싹,소프트웨어,2023-10-04,4535.0,-4.53,12500.0,-63.72,37350.0,198.8,21500.0,2022.12,V,0.018180205429477177,-0.0001919529785217146,57.63,-0.33660457511646447,0.07710311046779542,-0.0638307639853354,0.6494725073889732,72.0,0.1611779183149337,2023-10,1.5709893154225543,0.8279245972696776
두산로보틱스,기계,2023-10-05,64800.0,-7.16,26000.0,149.23,59100.0,127.31,51400.0,2022.12,V,0.002633986957615281,-0.3665022761398324,46.42,-0.1759873495768583,-0.21028214011517996,-0.7686065023733661,0.6494725073889732,97.6923076923077,0.1611779183149337,2023-10,0.14808141984671397,0.5369528541159568
레뷰코퍼레이션,소프트웨어,2023-10-06,11210.0,-2.1,15000.0,-25.27,40000.0,166.67,23000.0,2022.12,V,0.01934135080491579,0.0640929771616058,53.24,-0.18232632846141195,0.26119330657076895,-0.30801323218877397,0.6494725073889732,53.333333333333336,0.1611779183149337,2023-10,1.2079536876495778,0.7699366774016535
아이엠티,통신 장비,2023-10-10,7020.0,-3.97,14000.0,-49.86,28000.0,100.0,20750.0,2022.12,V,0.015677383242135988,-0.033130868510498554,97.99,-0.2238719365498481,-0.11465751047280202,-0.1719432209791843,0.6494725073889732,48.214285714285715,0.1611779183149337,2023-10,1.3426180802328,0.7929201540905475
퓨릿(구.신디프),화학,2023-10-18,5640.0,-2.59,10700.0,-47.29,15610.0,45.89,14460.0,2022.12,V,0.01897618494479552,0.08798649101899829,67.06,-0.41698758904688443,0.15193577518365417,-0.44509943109592165,0.6494725073889732,35.14018691588785,0.1611779183149337,2023-10,0.9341570369187175,0.717917896583771
신성에스티,전자 장비 및 기기,2023-10-19,25400.0,-2.87,26000.0,-2.31,46050.0,77.12,39050.0,2021.12,V,0.017261136298387953,0.04839152519817641,78.51,-0.5021917981852747,0.41818133491413806,-0.38261628022900446,0.6494725073889732,50.19230769230769,0.1611779183149337,2023-10,1.0695485940829346,0.7445110614260392
에스엘에스바이오,바이오테크놀로지,2023-10-20,2020.0,-4.72,7000.0,-71.14,9330.0,33.29,6270.0,2022.12,V,0.017749391774279102,0.44872166094691734,135.53,-0.41109501712603164,0.6002260843937453,-0.814322556230577,0.6494725073889732,-10.428571428571429,0.1611779183149337,2023-10,0.48984604579068636,0.6200701639951272
워트,전자 장비 및 기기,2023-10-26,6650.0,-3.76,6500.0,2.31,10270.0,58.0,8650.0,2022.12,V,0.019406998599993595,-0.08728949992058828,2.52,9.640144656636341,0.010114733552546714,-0.12267051018052048,0.6494725073889732,33.07692307692307,0.1611779183149337,2023-10,2.2842229771283504,0.9075619365163357
퀄리타스반도체,반도체 및 관련 장비,2023-10-27,6790.0,-3.14,17000.0,-60.06,29200.0,71.76,20650.0,2022.12,V,0.0007507158363208456,0.2188319240475764,-454.64,-0.34169361450265545,-3.6703494209686194,-0.09136697208257663,0.6494725073889732,21.470588235294116,0.1611779183149337,2023-10,0.9336236360267631,0.7178098640592879
유진테크놀로지,반도체 및 관련 장비,2023-11-02,4940.0,-4.08,17000.0,-70.94,24550.0,44.41,21200.0,2022.12,V,0.017166767592963615,-0.05639859986210223,191.76,-0.4420458999426318,0.21658722933170677,0.026981717084234105,0.6494725073889732,24.705882352941178,0.1679918020963668,2023-11,1.726676790801555,0.8489868516072678
유투바이오,바이오테크놀로지,2023-11-02,2915.0,-2.02,4400.0,-33.75,6000.0,36.36,8550.0,2022.12,V,0.024047477114555696,0.15619678414998314,50.78,0.23926040805777676,0.5884647663093886,0.476471277793071,0.6494725073889732,94.31818181818184,0.1679918020963668,2023-11,2.7263871363791417,0.9385658492572999
쏘닉스,전자 장비 및 기기,2023-11-07,2155.0,-3.58,7500.0,-71.27,10000.0,33.33,9430.0,2022.12,V,0.005891758788351187,-0.7922050480323758,60.11,-0.07649811760003716,-3.1930546786391933,-0.2177955926982628,0.6494725073889732,25.733333333333334,0.1679918020963668,2023-11,0.4530409925661756,0.6113620134404616
비아이매트릭스,소프트웨어,2023-11-09,8870.0,-0.56,13000.0,-31.77,17040.0,31.08,11660.0,2022.12,V,0.021479007132136706,0.08366290279718441,89.92,0.250956270506742,0.23255705384363973,0.11009843522473674,0.6494725073889732,-10.307692307692308,0.1679918020963668,2023-11,1.988594164040522,0.8795943274880385
컨텍,전자 장비 및 기기,2023-11-09,10540.0,1.35,22500.0,-53.16,19700.0,-12.44,15920.0,2022.12,V,0.008735128912658468,0.4457065270553892,-368.0,-0.535106871642159,-1.6901627721207506,-0.8591959178507889,0.6494725073889732,-29.244444444444444,0.1679918020963668,2023-11,-0.008718357023218326,0.4978204245499265
메가터치,전자 장비 및 기기,2023-11-09,3060.0,-5.99,4800.0,-36.25,6960.0,45.0,5590.0,2022.12,V,0.021479007132136706,0.0599969462146242,69.22,-0.3749658135305005,0.14051195579215295,-0.15662605031843263,0.6494725073889732,16.458333333333332,0.1679918020963668,2023-11,1.4374246758213467,0.808055530908923
큐로셀,바이오테크놀로지,2023-11-09,24400.0,-3.56,20000.0,22.0,22550.0,12.75,21700.0,2020.12,V,12.090325567748495,0.1998877809177866,2023.74,-0.42127309589841366,-0.49459922076310575,-1.0798449660827327,0.6494725073889732,8.5,0.1679918020963668,2023-11,3.9127798575852704,0.98040670082738
에스와이스틸텍,철강,2023-11-13,7750.0,-3.85,1800.0,330.56,3300.0,83.33,4065.0,2022.12,V,0.01812686659597646,0.05982627825849999,135.19,-0.38609622715877784,0.051535027675715765,0.2746217019659491,0.6494725073889732,125.83333333333331,0.1679918020963668,2023-11,2.183321911314388,0.8987417832974397
에이직랜드,반도체 및 관련 장비,2023-11-13,26650.0,-4.14,25000.0,6.6,31800.0,27.2,30300.0,2021.12,V,0.017031369015615645,0.062215629644239226,276.86,-0.37841802738312125,0.1082961714741326,-0.49846167775061145,0.6494725073889732,21.2,0.1679918020963668,2023-11,0.825281935032575,0.6953563965920677
에코프로머티리얼즈(유가),화학,2023-11-17,85000.0,-6.7,36200.0,134.81,43000.0,18.78,57200.0,2022.12,V,0.0171134287594629,-0.07574096822284856,102.01,-0.5809082261178777,0.07250085556522108,-1.0844054181888465,0.6494725073889732,58.011049723756905,0.1679918020963668,2023-11,-0.28610798828706097,0.42895696183861975
스톰테크,전기장비,2023-11-20,3225.0,0.62,11000.0,-70.68,18890.0,71.73,19060.0,2022.12,V,0.024199287640673108,0.06341030533710885,44.97,-0.2464006079846234,0.1671027618959158,-0.39442636407989135,0.6494725073889732,73.27272727272728,0.1679918020963668,2023-11,1.034212385709052,0.7377317392636061
동인기연(유가),기계,2023-11-21,15800.0,-3.72,30000.0,-47.33,30700.0,2.33,29150.0,2022.12,V,0.02169236246613956,-0.07073470817653774,284.64,-0.564510210317929,2.819024309090418,-1.100713991481362,0.6494725073889732,-2.833333333333333,0.1679918020963668,2023-11,0.17449706616440963,0.5435139087967703
에코아이,환경 서비스,2023-11-21,15830.0,-1.31,34700.0,-54.38,46100.0,32.85,62300.0,2022.12,V,0.028380231589690604,0.11523647468016743,59.2,-0.48141899414105654,1.0445993633200896,-1.0813196774974814,0.6494725073889732,79.53890489913545,0.1679918020963668,2023-11,-0.02757013765575622,0.49310790214466915
한선엔지니어링,건설,2023-11-24,9120.0,-2.46,7000.0,30.29,16600.0,137.14,18330.0,2022.12,V,0.021889305851372966,0.06284141215002807,173.52,-0.5945682792071272,0.1451142106947273,0.3085772421038614,0.6494725073889732,161.85714285714286,0.1679918020963668,2023-11,2.244389013415366,0.9041654428079103
그린리소스,화학,2023-11-24,12940.0,-3.65,17000.0,-23.88,29500.0,73.53,52300.0,2022.12,V,0.020810220219781603,-0.006848003267366784,65.56,-0.49620994487168185,0.20187535449314414,-0.37447438611564365,0.6494725073889732,207.64705882352945,0.1679918020963668,2023-11,1.0275689465922042,0.7364443140449477
에이에스텍,반도체 및 관련 장비,2023-11-28,18880.0,-4.16,28000.0,-32.57,85000.0,203.57,70100.0,2023.12,V,0.022656564456344775,0.03906167693005171,49.23,-0.2091702672119631,0.7117029253672126,0.5976206793946146,0.6494725073889732,150.35714285714286,0.1679918020963668,2023-11,2.8812006212200547,0.9469092537708795
에이텀,소프트웨어,2023-12-01,5890.0,-1.51,18000.0,-67.28,56900.0,216.11,30400.0,2023.12,V,0.010286058071371531,-0.4248138278156118,166.09,-0.41871369597319474,-0.5283490900486509,0.9046332893860878,0.6494725073889732,68.88888888888889,0.1876453757286071,2023-12,3.0160513583520774,0.9532940284457535
와이바이오로직스,생물공학,2023-12-05,7580.0,-4.65,9000.0,-15.78,23450.0,160.56,12800.0,2023.12,,-0.21990793536893985,-0.753463421992175,29.42,0.4840699869513844,-0.6168146565092465,-0.09429160984628003,0.6494725073889732,42.22222222222222,0.1876453757286071,2023-12,1.1106264974802187,0.752245891485458
케이엔에스,전기제품,2023-12-06,12290.0,-4.58,23000.0,-46.57,71000.0,208.7,92000.0,2023.12,V,0.020120918371464683,-0.05901550852267379,38.07,-0.05914776694419306,0.17886407998027246,0.6920641726030193,0.6494725073889732,300.0,0.1876453757286071,2023-12,2.931038258452282,0.9493596136117826
LS머트리얼즈,전기제품,2023-12-12,11490.0,-4.65,6000.0,91.5,19940.0,232.33,24000.0,2024.06,,0.016760571860919716,-0.08416058739164402,30.92,-0.1436972458691553,-0.06658951482369227,0.3373898810894985,0.6494725073889732,300.0,0.1876453757286071,2023-12,2.2420163253389713,0.9039596514376828
블루엠텍,건강관리업체및서비스,2023-12-13,13560.0,-6.35,19000.0,-28.63,55300.0,191.05,51000.0,2024.06,,0.012087269448818713,-0.14833173889435539,92.83,-0.4327606350976518,0.035682816344626375,-0.11389659688941027,0.6494725073889732,168.42105263157893,0.1876453757286071,2023-12,1.4110482891869125,0.8039312337089403
"디에스단석(구,단석산업)",화학,2023-12-22,59400.0,4.21,100000.0,-40.6,370000.0,270.0,400000.0,2023.12,V,0.017630405145700585,-0.005027545068708305,155.68,-0.5540642873673266,1.278291640039698,0.11382858762674825,0.6494725073889732,300.0,0.1876453757286071,2023-12,2.0769243420948866,0.8886400331079557
우진엔텍,에너지장비및서비스,2024-01-24,18980.0,-5.34,5300.0,258.11,21200.0,300.0,21200.0,2023.12,V,0.020654306706471826,-0.010147583752435267,17.4,0.4847247171648126,0.3281816834860177,2.2491611460513368,0.6494725073889732,300.0,0.1865876466035843,2024-01,5.779906977105679,0.9969205098107932
현대힘스,조선,2024-01-26,14310.0,-2.19,7300.0,96.03,28950.0,296.58,29200.0,2023.12,V,0.017847863466895805,-0.08086100690657552,41.65,-0.5139174210984867,0.09704621504561756,0.42004807551281037,0.6494725073889732,300.0,0.1865876466035843,2024-01,2.386932420382169,0.9158253921570563
포스뱅크,산업서비스와공급품,2024-01-29,6380.0,-3.92,18000.0,-64.56,47550.0,164.17,23350.0,2023.12,V,0.01907055365021986,0.0039040779684598546,54.02,-0.25053731251491895,0.4222722281608708,-0.23943295513650906,0.6494725073889732,29.72222222222222,0.1865876466035843,2024-01,1.3301043624711435,0.7908578970393559
스튜디오삼익,가구,2024-02-06,8210.0,-3.53,18000.0,-54.39,52000.0,188.89,39900.0,2023.12,V,0.01590304753771593,-0.04593096521981598,65.19,-0.4140710635507047,0.25403424338898667,2.1787095965316174,0.6494725073889732,121.66666666666666,0.1979190558195114,2024-02,5.549957823921131,0.9961274338655834
케이웨더,IT서비스,2024-02-22,3450.0,7.48,7000.0,-50.71,19920.0,184.57,16600.0,2023.12,V,0.007811956794376884,-0.2624517122227587,75.39,-0.20464667664646005,-0.21948664992032865,1.3589435453918761,0.6494725073889732,137.14285714285714,0.1979190558195114,2024-02,3.951488768225629,0.9811366112777664
이에이트,소프트웨어,2024-02-23,9130.0,-3.79,20000.0,-54.35,26150.0,30.75,22600.0,2023.12,V,-0.044058007291471114,0.5950409886640925,-185.17,-0.6734037489967171,-0.46698569134765977,-0.6333667908678786,0.6494725073889732,13.0,0.1979190558195114,2024-02,0.6309003235308552,0.6526935797828504
코셈,전기장비와기기,2024-02-23,7870.0,-4.02,16000.0,-50.81,42000.0,162.5,25550.0,2023.12,V,0.0191977462531831,-0.03261886464212586,26.25,0.21330928323462758,0.09448940676640959,2.0152149100208603,0.6494725073889732,59.68750000000001,0.1979190558195114,2024-02,5.29229265569331,0.9949949619353105
케이엔알시스템,기계,2024-03-07,6830.0,-3.12,13500.0,-49.41,37000.0,174.07,27050.0,2023.12,V,0.0063841172514346985,-0.5635668761446125,306.94,-0.571593200808651,-0.34016800069894465,1.7033196420679497,0.6494725073889732,100.37037037037038,0.1479733884334564,2024-03,4.399108831093519,0.9878608829779943
오상헬스케어,생명과학도구및서비스,2024-03-13,11200.0,-3.61,20000.0,-44.0,33250.0,66.25,29350.0,2023.12,,-0.005625326260610636,0.15454699390744892,9.29,1.1961486149829128,-0.23380477628389326,1.5290930220683487,0.6494725073889732,46.75,0.1479733884334564,2024-03,4.517225504867506,0.9891986656026006
삼현,자동차부품,2024-03-21,6890.0,2.07,30000.0,-77.03,67000.0,123.33,47000.0,2023.12,V,0.018734108700446127,0.0076018836844849004,95.25,-0.37931084131052323,0.11085297975334057,0.9330121897203284,0.6494725073889732,56.666666666666664,0.1479733884334564,2024-03,3.3417748849260116,0.9658344588653522
엔젤로보틱스,건강관리장비와용품,2024-03-26,24850.0,-3.68,20000.0,24.25,50500.0,152.5,65000.0,2023.12,V,-0.03708046727213928,0.8320987797206512,145.66,-0.2588107215755101,-0.47874700943201637,1.672697693279344,0.6494725073889732,225.0,0.1479733884334564,2024-03,4.8369572606470115,0.9921312583724874
아이엠비디엑스,생명과학도구및서비스,2024-04-03,11670.0,-6.11,13000.0,-10.23,28550.0,119.62,36000.0,2023.12,V,-0.06444575065032088,0.4053151107726543,18.0,0.7809008573482776,-0.5442013013797403,2.1834931142298784,0.6494725073889732,176.9230769230769,0.1742674857378006,2024-04,5.65595861476729,0.9965155641779367
제일엠앤에스(구.제일기공),전기제품,2024-04-30,7760.0,-4.43,22000.0,-64.73,37700.0,71.36,27000.0,2023.12,V,0.015213745689399014,-0.1778004059851395,345.63,-0.5661172753872525,-0.20874805514765518,0.6775153389818847,0.6494725073889732,22.727272727272727,0.1742674857378006,2024-04,2.7485061452220485,0.9398289270539576
디앤디파마텍,생물공학,2024-05-02,39350.0,0.77,33000.0,19.24,49250.0,49.24,36500.0,2023.12,V,-0.014918592251311924,-0.03443932284078434,43.44,0.0878689264346571,0.14153467910383616,0.8076493269337883,0.6494725073889732,10.606060606060606,0.1644270718097686,2024-05,3.138602202635972,0.9584572603361786
민테크,전기제품,2024-05-03,4980.0,-3.3,10500.0,-52.57,14900.0,41.9,12880.0,2023.12,V,-0.0007263595529296885,-5.098214470365465,173.4,-0.29032705321279806,-0.29619089829656764,0.7896305841014802,0.6494725073889732,22.666666666666664,0.1644270718097686,2024-05,1.1709264502089236,0.7633124351298037
코칩,전기장비,2024-05-07,9250.0,-4.05,18000.0,-48.61,33000.0,83.33,28450.0,2023.12,V,0.019932180960616008,0.02091398426217502,63.55,-0.5618020080714765,0.27500007127849196,-0.195501426016473,0.6494725073889732,58.05555555555556,0.1644270718097686,2024-05,1.3615286311042105,0.7960080280019878
HD현대마린솔루션(구.HD현대글로벌서비스)(유가),조선,2024-05-08,133300.0,0.98,83400.0,59.83,119900.0,43.76,163900.0,2023.12,V,0.020486084231584958,0.2930155956429094,173.63,-0.4246360283582942,1.8540848645173318,-0.7887195832652752,0.6494725073889732,96.52278177458034,0.1644270718097686,2024-05,0.6999440341801382,0.6681753637086437
아이씨티케이,통신장비,2024-05-17,6000.0,-0.5,20000.0,-70.0,19990.0,-0.05,28700.0,2023.12,V,-0.0009725387844714451,0.35883653738815496,10.68,1.7668650378424695,-0.5390876848213244,0.26731010755669077,0.6494725073889732,43.5,0.1644270718097686,2024-05,2.3533015273086733,0.9131962930111487
노브랜드,"섬유,의류,신발,호화품",2024-05-23,17370.0,0.52,14000.0,24.07,31000.0,121.43,54300.0,2023.12,V,0.01564455934459709,-0.10930566626061423,178.95,-0.45296799032118196,-0.01596471089537454,1.4612810820557005,0.6494725073889732,287.85714285714283,0.1644270718097686,2024-05,4.205320504842671,0.9853032126966232
그리드위즈,전기유틸리티,2024-06-14,16600.0,-6.69,40000.0,-58.5,60600.0,51.5,49500.0,2023.12,V,0.01520553971501429,-0.060779077402624185,59.06,-0.4988586261896409,0.26017058325908576,-0.3994825175018871,0.6494725073889732,23.75,0.15834641456604,2024-06,0.9718980413742647,0.7254976560011431
라메디텍,건강관리장비와용품,2024-06-17,9350.0,-3.81,16000.0,-41.56,50000.0,212.5,24550.0,2023.12,V,-0.03486321299338653,-0.8014780069817924,31.88,1.1234140403639026,-0.7057915846256838,1.5467523814466426,0.6494725073889732,53.43750000000001,0.15834641456604,2024-06,4.103169189586169,0.9837482462276929
씨어스테크놀로지,건강관리기술,2024-06-19,10970.0,0.92,17000.0,-35.47,34450.0,102.65,18500.0,2023.12,V,-0.1986749766484634,-0.5462725232573571,111.47,-0.4749312129352693,-0.5406217697888491,0.675036832402475,0.6494725073889732,8.823529411764707,0.15834641456604,2024-06,2.486184341103724,0.923167597693082
한중엔시에스,자동차부품,2024-06-24,20050.0,-9.28,30000.0,-33.17,45550.0,51.83,34000.0,2023.12,V,0.010429662623104222,-0.5876310579581293,808.47,-0.5471896201263318,-1.2590848962462875,0.13454890263061295,0.6494725073889732,13.333333333333334,0.15834641456604,2024-06,1.4533098409340672,0.8105072991347001
에스오에스랩,전기장비와기기,2024-06-25,9370.0,-2.5,11500.0,-18.52,20850.0,81.3,14420.0,2023.12,V,-0.06854873784268348,-0.2924323831819155,30.01,0.520496795189383,0.2571024133240362,1.6570583167632686,0.6494725073889732,25.39130434782609,0.15834641456604,2024-06,4.588852669934316,0.9899377639980463
하이젠알앤엠,기계,2024-06-27,10450.0,-8.73,7000.0,49.29,18000.0,157.14,15160.0,2023.12,V,0.017010854079653834,-0.08023522440078668,133.58,-0.2928566926737702,-0.05073730349260287,2.0532971636134896,0.6494725073889732,116.57142857142856,0.15834641456604,2024-06,5.272490681288312,0.9948953754669032
에이치브이엠(구.한국진공야금),비철금속,2024-06-28,20500.0,6.0,18000.0,13.89,28650.0,59.17,20200.0,2023.12,V,0.018397663750672394,-0.3004537771197544,180.44,-0.5893899584281961,-0.4158495257635004,0.08439632199625867,0.6494725073889732,12.22222222222222,0.15834641456604,2024-06,1.6162383936768598,0.8342757047921243
이노스페이스,우주항공과국방,2024-07-02,20200.0,-1.46,43300.0,-53.35,43900.0,1.39,34450.0,2023.12,V,-4.642977364582133,-0.7286027897167452,17.02,0.5784106586135213,-1.9739684911128348,0.3203129707573661,0.6494725073889732,-20.438799076212472,0.1522400230169296,2024-07,0.09212443011763072,0.5230148327622521
하스,건강관리장비와용품,2024-07-03,8180.0,-3.08,16000.0,-48.88,27600.0,72.5,17150.0,2023.12,V,0.018836683380255192,-0.03597533444590243,92.61,-0.5567427291495324,0.07710311046779542,1.5295019756539514,0.6494725073889732,7.187499999999999,0.1522400230169296,2024-07,4.361238190019113,0.9873982553470991
엑셀세라퓨틱스,생물공학,2024-07-15,4820.0,-3.6,10000.0,-51.8,12480.0,24.8,8330.0,2023.12,V,-0.30311241264286104,-1.0859246005221797,339.2,-0.5785273889781393,-0.6142578482300386,-0.4641591466915818,0.6494725073889732,-16.7,0.1522400230169296,2024-07,0.21538427271239113,0.553638867683623
산일전기(유가),전기장비,2024-07-29,61500.0,1.32,35000.0,75.71,44900.0,28.29,50200.0,2023.12,V,0.023620766446549986,0.15312476093974697,51.94,-0.3585082768020583,4.425722631744704,-0.5814049004305554,0.6494725073889732,43.42857142857143,0.1522400230169296,2024-07,1.4771457006619013,0.8141410685016421
피앤에스미캐닉스,건강관리장비와용품,2024-07-31,9140.0,-7.11,22000.0,-58.45,30000.0,36.36,25050.0,2023.12,V,0.02371923813916669,0.0023680663633417662,19.07,0.6524249331951406,0.0643190690717556,0.8596360024369057,0.6494725073889732,13.863636363636363,0.1522400230169296,2024-07,3.292409841403411,0.9641675037835845
아이빔테크놀로지,생명과학도구및서비스,2024-08-06,4365.0,-1.8,10000.0,-56.35,10000.0,0.0,13360.0,2023.12,V,-0.011808527959501073,0.6829918753867801,28.98,1.4190544921909265,-0.40920182423755974,0.2508404313365137,0.6494725073889732,33.6,0.1851434409618377,2024-08,2.4305096526777437,0.9191244257648736
뱅크웨어글로벌,IT서비스,2024-08-12,5600.0,-1.93,16000.0,-65.0,15990.0,-0.06,15750.0,2023.12,V,0.01214471126951179,-1.4148586412922834,342.42,-0.25714413557769317,-0.5544285344965721,-0.8093159729401697,0.6494725073889732,-1.5625,0.1851434409618377,2024-08,-0.36749287386372265,0.4091469702572854
유라클,소프트웨어,2024-08-16,10360.0,-1.05,21000.0,-50.67,27900.0,32.86,21000.0,2023.12,V,0.01749090358116026,0.06517387421705925,59.49,0.21851736447780548,0.4831242652060204,0.23321824955691106,0.6494725073889732,0.0,0.1851434409618377,2024-08,2.240006726625304,0.90378504322235
전진건설로봇(구.전진중공업)(유가),기계,2024-08-19,26550.0,-10.61,16500.0,60.91,27500.0,66.67,20550.0,2023.12,V,0.0232350856504679,0.05271511341999031,51.66,-0.321843384850086,0.8860772500091958,0.2416699569926979,0.6494725073889732,24.545454545454547,0.1851434409618377,2024-08,2.2769706348972045,0.9069517128150613
케이쓰리아이,IT서비스,2024-08-20,5060.0,-4.53,15500.0,-67.35,15800.0,1.94,10550.0,2023.12,V,0.018213029327016076,-0.02459747070428694,22.79,0.08932718918274693,0.029546476474527256,-1.063238972000688,0.6494725073889732,-31.93548387096774,0.1851434409618377,2024-08,-0.1795320720911775,0.45523714957778816
넥스트바이오메디컬,건강관리장비와용품,2024-08-20,42850.0,-2.28,29000.0,47.76,27000.0,-6.9,23700.0,2023.12,V,-0.02921339962950323,1.2761768015559036,-602.35,-0.550701354907446,-0.6347123144637024,-1.024140530710501,0.6494725073889732,-18.275862068965516,0.1851434409618377,2024-08,0.1711873870124474,0.542692638227418
티디에스팜,제약,2024-08-21,16720.0,0.42,13000.0,28.62,27000.0,107.69,52000.0,2023.12,V,0.021556963888791594,0.015054384435243037,48.05,-0.04033915354025921,0.4018177619272071,0.8872093881328381,0.6494725073889732,300.0,0.1851434409618377,2024-08,3.3449025031362263,0.9659375145833666
엠83,방송과엔터테인먼트,2024-08-22,15320.0,-7.1,16000.0,-4.25,26000.0,62.5,22300.0,2023.12,V,0.018963875983218432,0.11131111168931006,43.99,0.150127817638818,0.4708515854658222,-0.3150150132756063,0.6494725073889732,39.375,0.1851434409618377,2024-08,1.2781613017862496,0.7821366267652565
이엔셀,제약,2024-08-23,15820.0,-6.56,15300.0,3.4,35100.0,129.41,17200.0,2023.12,V,-0.031113082699567116,-0.5197052114206848,15.69,1.6464839599644432,-0.37033833839359864,0.0443808332716898,0.6494725073889732,12.418300653594772,0.1851434409618377,2024-08,1.6498042500015395,0.8388645924969925
아이스크림미디어(구.시공미디어),교육서비스,2024-08-30,12850.0,-9.63,32000.0,-59.84,29700.0,-7.19,22500.0,2023.12,V,0.026062043826005733,0.1366837478331126,37.02,-0.056231241448013475,1.380052609552175,-1.0897465998674742,0.6494725073889732,-29.6875,0.1851434409618377,2024-08,0.0603202907271132,0.5150755018940731
아이언디바이스,반도체와반도체장비,2024-09-23,5380.0,29.79,7000.0,-23.14,18000.0,157.14,10900.0,2023.12,V,0.004328520668061034,-0.23315371308809882,85.9,-0.3390746936489431,-0.13971423160904012,1.3293997469653136,0.6494725073889732,55.714285714285715,0.1803732514381408,2024-09,3.911036602658007,0.9803731858837247
셀비온,제약,2024-10-16,12390.0,-7.33,15000.0,-17.4,25400.0,69.33,20650.0,2023.12,V,-0.12593721970225918,-0.5180554211781506,51.32,0.9545531662279518,-0.2649978372902304,0.2146542352771328,0.3308923912052826,37.666666666666664,0.1772876381874084,2024-10,1.8727707464526318,0.8667785505158118
와이제이링크,전자장비와기기,2024-10-18,12850.0,-4.32,12000.0,7.08,12760.0,6.33,21800.0,2023.12,V,0.022451415096726646,0.0057245361671183345,77.57,-0.27107203284516324,0.2714205396876008,0.08548686489119892,0.3308923912052826,81.66666666666667,0.1772876381874084,2024-10,1.8736925481175266,0.8668849581919856
인스피언,IT서비스,2024-10-18,9780.0,-7.21,12000.0,-18.5,20000.0,66.67,15820.0,2023.12,V,0.024995267155991457,0.06352408397452501,31.12,-0.2843154394349584,0.2637501148499769,0.8007962562417207,0.3308923912052826,31.833333333333336,0.1772876381874084,2024-10,3.159855024943244,0.9592952858425827
루미르,우주항공과국방,2024-10-21,10410.0,-0.57,12000.0,-13.25,14000.0,16.67,14910.0,2023.12,V,0.004480331194178452,-0.25585255125262174,45.16,-0.04941609513551214,-0.29465681332904287,-0.9436510295441726,0.3308923912052826,24.25,0.1772876381874084,2024-10,-0.13058128200797126,0.46740098809852526
한켐,디스플레이장비및부품,2024-10-22,9960.0,-6.92,18000.0,-44.67,32500.0,80.56,22800.0,2023.12,V,0.022357046391302305,0.023075778373081956,49.32,-0.24711485912654488,0.2668182847850265,-0.5299015337104228,0.3308923912052826,26.666666666666668,0.1772876381874084,2024-10,0.7912761113800085,0.6881052707426198
씨메스,기계,2024-10-24,19900.0,3.27,30000.0,-33.67,35600.0,18.67,23100.0,2023.12,V,-0.038937479275402594,-1.3634875864988896,23.85,1.8061190901839077,-0.9737450922866786,-0.5780837016141464,0.3308923912052826,-23.0,0.1772876381874084,2024-10,0.14155345390205132,0.5353293907970298
에이치엔에스하이텍,전자장비와기기,2024-10-25,16770.0,-3.51,22000.0,-23.77,19390.0,-11.86,16980.0,2023.12,V,0.0218195550691028,0.12120985314451553,10.28,1.4231614362569753,1.9742548536401063,-0.9399084846092639,0.3308923912052826,-22.818181818181817,0.1772876381874084,2024-10,0.5457560468768179,0.6331504020937077
웨이비스,우주항공과국방,2024-10-25,8910.0,1.83,15000.0,-40.6,18010.0,20.07,10890.0,2023.12,V,-0.008419460538609565,-2.7295139073172447,220.89,-0.5521596176555358,-0.9057339920597467,0.2903106486136123,0.3308923912052826,-27.4,0.1772876381874084,2024-10,1.0048716607386572,0.732015326421083
클로봇,기계,2024-10-28,7770.0,-4.07,13000.0,-40.23,12500.0,-3.85,10070.0,2023.12,V,0.0049357627725307,-2.155785128146284,32.45,0.4726717291448866,-1.1307331206300475,0.2506297582772638,0.3308923912052826,-22.538461538461537,0.1772876381874084,2024-10,1.1953157494929065,0.7676904334241414
성우,전기제품,2024-10-31,20100.0,-5.19,32000.0,-37.19,32000.0,0.0,28000.0,2023.12,V,0.022800169008077464,0.06443431307385425,47.47,-0.12548384175015612,1.0149403872812772,-0.09370916080011872,0.3308923912052826,-12.5,0.1772876381874084,2024-10,1.7214307483301794,0.8483130339835627
에이럭스,교육서비스,2024-11-01,9320.0,-2.82,16000.0,-41.75,12460.0,-22.13,9880.0,2023.12,V,0.01847151752013492,0.03342963437795205,29.32,0.20205982774936324,0.09909166166898392,-0.43669729379172295,0.3308923912052826,-38.25,0.1900383085012436,2024-11,0.967883786698938,0.7246974907033544
탑런토탈솔루션,자동차부품,2024-11-01,10870.0,-2.07,18000.0,-39.61,15120.0,-16.0,13740.0,2023.12,V,0.017080604861924,0.03883411965521941,297.62,-0.48856150556027206,0.7214187968282029,0.1141879710807626,0.3308923912052826,-23.666666666666668,0.1900383085012436,2024-11,1.9952939143644541,0.8803020830248881
에이치이엠파마(구.에이치이엠),건강관리업체및서비스,2024-11-05,13330.0,-2.34,23000.0,-42.04,20500.0,-10.87,16400.0,2024.09,,-0.013630254272910067,-0.4452939825505196,82.66,-0.48674611724122147,-0.25579332748508177,-0.2727316910308777,0.3308923912052826,-28.695652173913043,0.1900383085012436,2024-11,0.9520665771047759,0.7215305933999917
더본코리아(유가),"호텔,레스토랑,레저",2024-11-06,37900.0,1.47,34000.0,11.47,46350.0,36.32,51400.0,2023.12,V,0.017265239285580318,-0.01373161083104414,57.0,-0.1788443541445444,0.8615318905287993,-0.14802563248788123,0.3308923912052826,51.17647058823529,0.1900383085012436,2024-11,1.5633814507261996,0.8268380338132864
토모큐브,생명과학도구및서비스,2024-11-07,12710.0,0.0,16000.0,-20.56,12250.0,-23.44,10070.0,2023.12,V,-0.05901339560763281,2.531837844080589,11.67,1.6024682333435285,-1.681980985627285,-1.056224798380959,0.3308923912052826,-37.0625,0.1900383085012436,2024-11,0.5535896773112439,0.6349680218714782
에어레인,화학,2024-11-08,12130.0,-8.25,23000.0,-47.26,16450.0,-28.48,17590.0,2023.12,V,0.015312217382015717,-0.4599145374584955,32.65,0.030907397866414357,-2.0199910401385783,-0.5873285311553443,0.3308923912052826,-23.52173913043478,0.1900383085012436,2024-11,0.13292437491267428,0.5331822503171324
노머스,방송과엔터테인먼트,2024-11-12,19950.0,1.53,30200.0,-33.94,21500.0,-28.81,19400.0,2023.12,V,0.014512134879505012,-6.094801555493565,19.37,0.35029670016232944,-2.573795713415024,-1.1024737311527428,0.3308923912052826,-35.76158940397351,0.1900383085012436,2024-11,-2.887212201667137,0.05278934201174326
쓰리빌리언,건강관리기술,2024-11-14,6310.0,1.28,4500.0,40.22,5410.0,20.22,4100.0,2023.12,V,-0.11080540293682593,-0.3204219279862896,93.95,-0.20687871146496487,-0.17141865427121888,-1.076821188055853,0.3308923912052826,-8.88888888888889,0.1900383085012436,2024-11,-0.42150416797603363,0.39615687203482686
